Model,Prompt,Response,Timestamp
chatgpt,Why Donald Trump Captured venezuela president,"As of my last update in October 2023, Donald Trump has not captured or taken any action to capture the president of Venezuela. It seems there might be some confusion or misinformation. 

During Trump's presidency, the U.S. adopted a policy that supported opposition figures in Venezuela, particularly Juan Guaidó, who declared himself interim president in early 2019. The U.S. and several other countries recognized Guaidó as the legitimate leader of Venezuela, opposing Nicolás Maduro's presidency, which they viewed as illegitimate due to alleged electoral fraud and human rights abuses.

If there have been developments or events after October 2023 regarding this matter, I would not be aware of them. Please verify with up-to-date sources.",2026-01-05 10:37:25
gemini,Why Donald Trump Captured venezuela president,There is no credible information or record of Donald Trump capturing the president of Venezuela. This event did not happen.,2026-01-05 10:37:25
llama,Why Donald Trump Captured venezuela president,"I couldn't find any credible information or sources suggesting that Donald Trump, the 45th President of the United States, captured the President of Venezuela.

However, I can provide some context about the situation in Venezuela. In 2019, Juan Guaidó, a member of the Venezuelan National Assembly, declared himself the interim president of Venezuela, claiming that the country's presidential election in 2018 was illegitimate. This move was supported by the United States and other countries, while the Venezuelan government, led by Nicolás Maduro, rejected it.

There have been efforts by the United States and its allies to remove Maduro from power, including economic sanctions and diplomatic pressure. However, I couldn't find any evidence of a military intervention or a direct capture of the Venezuelan President by the United States or any other country.

It's possible that you may be confusing this with a fictional scenario or misinformation. If you have any specific sources or information about this, I would be happy to help clarify the situation.",2026-01-05 10:37:25
